project,links to
asteroid,galaxy_zoo
asteroid,milky_way
asteroid,planet-four-ridges
asteroid,radio
asteroid,solar-stormwatch-ii
asteroid,wise
bat_detective,condor
bat_detective,notes-from-nature
bat_detective,plankton
bat_detective,radio
bat_detective,serengeti
bat_detective,floating-forests
cancer_cells,plankton
cancer_cells,radio
cancer_cells,solar-stormwatch-ii
cancer_cells,war_diary
cancer_cells,floating-forests
condor,bat_detective
condor,notes-from-nature
condor,invader-id
condor,serengeti
condor,floating-forests
cyclone_center,asteroid
cyclone_center,solar-stormwatch-ii
galaxy_zoo,asteroid
galaxy_zoo,milky_way
galaxy_zoo,planet-four-ridges
galaxy_zoo,radio
galaxy_zoo,wise
milky_way,asteroid
milky_way,galaxy_zoo
milky_way,planet-four-ridges
milky_way,radio
milky_way,wise
notes-from-nature,bat_detective
notes-from-nature,condor
notes-from-nature,plankton
notes-from-nature,invader-id
notes-from-nature,serengeti
notes-from-nature,war_diary
notes-from-nature,floating-forests
planet-four-ridges,galaxy_zoo
planet-four-ridges,milky_way
planet-four-ridges,radio
planet-four-ridges,wise
plankton,cancer_cells
plankton,invader-id
plankton,floating-forests
radio,bat_detective
radio,galaxy_zoo
radio,milky_way
radio,planet-four-ridges
radio,wise
invader-id,notes-from-nature
invader-id,plankton
serengeti,bat_detective
serengeti,condor
serengeti,notes-from-nature
serengeti,plankton
serengeti,floating-forests
solar-stormwatch-ii,asteroid
solar-stormwatch-ii,cyclone_center
solar-stormwatch-ii,milky_way
solar-stormwatch-ii,planet-four-ridges
solar-stormwatch-ii,radio
solar-stormwatch-ii,wise
war_diary,notes-from-nature
wise,asteroid
wise,galaxy_zoo
wise,milky_way
wise,planet-four-ridges
wise,radio
floating-forests,cancer_cells
floating-forests,plankton